{
    "accuracy": 0.9985333333333334,
    "loss": 0.0001802136564059096
}