{
    "accuracy": 0.9986666666666667,
    "loss": 0.00010386027022484257
}